{
    "optimal_timing": {
        "tau1_1": 20,
        "tau2_1": 41,
        "tau1_2": 10,
        "tau2_2": 28
    },
    "optimal_cost": 956715.4911434529,
    "objective_components": {
        "Z1_supply_cost": 8000.0,
        "Z2_social_cost": 246299.93312829666,
        "Z3_economic_cost": 3564562.0314455153
    },
    "weights": {
        "w1": 0.5,
        "w2": 0.25,
        "w3": 0.25
    },
    "allocation_results": {
        "U1": {
            "1": 0.15,
            "2": 0.13452985
        },
        "U2": {
            "1": 0.1,
            "2": 0.13452985
        },
        "V_prime": {
            "1": 800.0,
            "2": 0.0
        }
    }
}